Username,Email,Password
auroraguarana83,auroraguarana83@example.com,6Rccs9YclP
lorenzorenault33,lorenzorenault33@example.com,wqpigCVZPW
faustomaggioli14,faustomaggioli14@example.com,Cg3LrIWIbt
annettagarozzo19,annettagarozzo19@example.com,Iu0KB1KdtR
gianpaolocagnotto64,gianpaolocagnotto64@example.com,C7oHZgbobd
pompeoluxardo79,pompeoluxardo79@example.com,Hz7OrCrFAX
torquatoantonucci82,torquatoantonucci82@example.com,EdGKvPJZvt
ilariabertoli99,ilariabertoli99@example.com,dIEWx8Wfyj
giacobberapisardi92,giacobberapisardi92@example.com,4yXAhCoYFD
fabiobalbi79,fabiobalbi79@example.com,DgsiWvhGCh
donatellomercadante49,donatellomercadante49@example.com,E9iQxAvUj6
marcellaverdi51,marcellaverdi51@example.com,BH6URJtWY8
amaliamorpurgo17,amaliamorpurgo17@example.com,VmdjLOGeQ7
donatelloagnesi33,donatelloagnesi33@example.com,Hb6HDjqaaG
elisacattaneo43,elisacattaneo43@example.com,eYkZSCkWp7
ludovicadonatoni82,ludovicadonatoni82@example.com,OxlW4eeB0G
bacciobotticelli24,bacciobotticelli24@example.com,lR3XFA6Upr
federicovianello27,federicovianello27@example.com,o7iDZywxkl
pierluigigiammusso48,pierluigigiammusso48@example.com,U7khEogLlE
filippasamele2002,filippasamele12@example.com,D1OcM8Zhmc
geronimocilibrasi90,geronimocilibrasi90@example.com,E5AXEQPvn6
tinatomasetti57,tinatomasetti57@example.com,ROvCu5qcw8
elvirabeffa39,elvirabeffa39@example.com,d7RZO3Ss5O
vanessamontessori74,vanessamontessori74@example.com,MZ5wfzpScM
giuseppemorandini48,giuseppemorandini48@example.com,KT5ycvVONd
ceciliaossani63,ceciliaossani63@example.com,Gvk3Sl3994
morenacicala47,morenacicala47@example.com,8X16X5HSiT
amaliafrescobaldi21,amaliafrescobaldi21@example.com,q5BNVdZwoT
marinabernetti48,marinabernetti48@example.com,l3fFVlsUVD
germananaccari72,germananaccari72@example.com,hePxNkGDUe
rodolfocagnotto60,rodolfocagnotto60@example.com,qGahWds4da
liviocasellati42,liviocasellati42@example.com,rkkrsW59lR
rominasoranzo92,rominasoranzo92@example.com,c5GQuc1COp
grazianoferrazzi83,grazianoferrazzi83@example.com,iKsydjWNp8
donatellogibilisco60,donatellogibilisco60@example.com,ZpWo94LexV
margheritabattelli30,margheritabattelli30@example.com,Cg7f1teFdd
solepigafetta74,solepigafetta74@example.com,EuyQkloOfR
gabriellageraci80,gabriellageraci80@example.com,QeFND2fS2W
pierangelopirelli12,pierangelopirelli12@example.com,cl1dGYydbT
elmolattuada58,elmolattuada58@example.com,9ipM7d1SKI
robertosantoro32,robertosantoro32@example.com,4x4pD3iTrZ
bartolomeocivaschi43,bartolomeocivaschi43@example.com,vKP0b84rYn
claudiomascheroni69,claudiomascheroni69@example.com,l4ltpPUFCK
nataliacavanna30,nataliacavanna30@example.com,8uBegxunJZ
concettamolesini14,concettamolesini14@example.com,mBXjZttJ2c
angelomorucci37,angelomorucci37@example.com,yi2pvrVco1
ansaldomalatesta66,ansaldomalatesta66@example.com,dEB5lm2X1R
arturoborgia71,arturoborgia71@example.com,6FlUwE7j5R
ernestobeccaria82,ernestobeccaria82@example.com,ZJ2kgAQkNz
valeriobriccialdi67,valeriobriccialdi67@example.com,Xp1QIRchBB
lararusso89,lararusso89@example.com,dDolINqYoA
coluccioajello14,coluccioajello14@example.com,5V2nuX3qDW
grazianopanicucci75,grazianopanicucci75@example.com,qMq5ZhDBKV
luciafranceschi64,luciafranceschi64@example.com,QpvIdrbG6I
lauramazzi12,lauramazzi12@example.com,0KufacB6Bn
ermenegildorossi30,ermenegildorossi30@example.com,5QWt4cifjI
renzomagnani30,renzomagnani30@example.com,R4Ue5inRQY
vincenzocasadei25,vincenzocasadei25@example.com,8rrnw0IkPJ
romanacapone85,romanacapone85@example.com,E08LkDhv6A
valeriafuseli73,valeriafuseli73@example.com,HaZP3MlAs1
panfiloantonioni45,panfiloantonioni45@example.com,LYlvGmrHgH
loredanabettin53,loredanabettin53@example.com,mO8q6fQKQW
rominazanichelli40,rominazanichelli40@example.com,zpflfvCNUS
severinogoldstein46,severinogoldstein46@example.com,MYBnquj4sd
zairaughi98,zairaughi98@example.com,AACKmIEWgc
hugospinola19,hugospinola19@example.com,nkASj6mciR
salvatoretremonti87,salvatoretremonti87@example.com,GJxvvfeqSn
umbertocasadei84,umbertocasadei84@example.com,Owd25BfDRM
galassopietrangeli83,galassopietrangeli83@example.com,TnJi181t5s
ettoresabatini91,ettoresabatini91@example.com,EVkOkGfALE
agostinosibilia85,agostinosibilia85@example.com,ZGHsaAyX0X
danieleguidotti51,danieleguidotti51@example.com,Pv2MsGQAbi
dianacrisafulli96,dianacrisafulli96@example.com,Ej5A7yYO3A
sergiusfabrizi19,sergiusfabrizi19@example.com,qra4npci8B
isapezzali70,isapezzali70@example.com,FFVOXbi8sB
eziomercati32,eziomercati32@example.com,uYEhnFWt9l
isabaroffio83,isabaroffio83@example.com,Rzcdd5hxTq
alessandrocipolla42,alessandrocipolla42@example.com,XIXeE0nQze
beatricemaffei83,beatricemaffei83@example.com,i8zf6AohVK
imeldabenussi74,imeldabenussi74@example.com,AZUO9tHF9U
annunziatavidoni97,annunziatavidoni97@example.com,TJEpeBXKQ6
gionataparpinel77,gionataparpinel77@example.com,QwM34DbvSO
vincenzasalvini83,vincenzasalvini83@example.com,bYA7jgP0EE
calcedoniobalbi43,calcedoniobalbi43@example.com,NgpkMtLY6s
arnulfomuratori83,arnulfomuratori83@example.com,ufaSxHrBWq
gioffrespallanzani26,gioffrespallanzani26@example.com,CEWdsANvK7
gabrieleborgia69,gabrieleborgia69@example.com,j6YQtFyBTw
teresascarlatti19,teresascarlatti19@example.com,SyjvvUHkbp
ninaargan15,ninaargan15@example.com,V40Gew9l2t
raffaellinopaganini29,raffaellinopaganini29@example.com,2qvzO6ghAe
isabellabragaglia84,isabellabragaglia84@example.com,zjHLoVUy0k
lorenzoariosto69,lorenzoariosto69@example.com,XMB4qzBXlz
alinaandreozzi88,alinaandreozzi88@example.com,HPkTCgWrdl
olgapezzali44,olgapezzali44@example.com,48PdfZOtlp
mattiapanicucci75,mattiapanicucci75@example.com,LBbP33sSVp
annamariarismondo82,annamariarismondo82@example.com,VFmVaKIOou
simonettabrancaccio32,simonettabrancaccio32@example.com,nODVvCuJ4m
valeriocaracciolo15,valeriocaracciolo15@example.com,2xfnZJt8ET
concettagiorgetti95,concettagiorgetti95@example.com,Fu43X8cnyX
francescomazzocchi86,francescomazzocchi86@example.com,5wpBntvbPJ
azegliomocenigo45,azegliomocenigo45@example.com,NYIPT6qokG
annettamarazzi97,annettamarazzi97@example.com,FRxY7zfNev
antoninamajorana67,antoninamajorana67@example.com,ur7Hk1bevI
lambertoorsini90,lambertoorsini90@example.com,egnF2InJJJ
lucianavolterra17,lucianavolterra17@example.com,Ogngs3MIWv
